record_id,plot_area_ha,rainfall_mm,soil_ph,seed_kg,distance_km,arrival_hour,actual_yield_kg,dispatch_attention
R0001,2.44,89.4,5.62,329.1,4.1,11,977.4,0
R0002,3.67,77.4,5.95,574.4,18.3,9,1467.8,0
R0003,2.96,119.6,5.91,442.6,9.3,6,1082.1,0
R0004,1.15,70.3,5.73,213.4,13.2,13,603.6,0
R0005,3.97,36.2,5.65,563.5,6.2,14,1450.7,0
R0006,2.09,94.0,5.24,369.6,20.6,8,884.3,0
R0007,2.35,90.6,5.72,336.4,16.0,6,928.8,1
R0008,3.45,79.8,6.73,525.0,1.6,13,1241.7,1
R0009,1.0,90.4,5.7,194.6,23.1,16,467.3,0
R0010,1.3,134.7,5.45,181.5,4.6,17,581.8,0
R0011,3.0,120.3,5.93,548.1,6.4,12,1354.7,1
R0012,2.7,114.3,5.54,438.3,19.3,12,1118.5,0
R0013,1.81,85.0,5.6,213.6,7.4,13,580.4,0
R0014,2.38,61.3,5.89,338.3,2.8,7,883.8,0
R0015,1.21,71.8,5.56,202.8,25.4,17,555.6,0
R0016,2.48,83.8,5.52,408.8,5.8,17,1135.5,0
R0017,1.8,105.7,5.43,247.6,2.6,17,717.4,1
R0018,2.74,98.1,5.98,417.5,4.4,17,1066.7,1
R0019,3.38,106.7,5.78,671.6,12.7,10,1712.3,0
R0020,1.57,92.2,6.51,283.7,13.5,10,873.7,0
R0021,3.23,101.7,5.78,497.0,22.8,10,1263.2,0
R0022,3.53,73.9,4.96,604.3,22.4,12,1454.3,1
R0023,0.52,69.4,5.25,75.3,18.3,17,227.3,0
R0024,3.11,120.2,5.91,405.2,25.7,11,1115.0,0
R0025,3.79,65.9,6.03,482.6,8.5,11,1295.7,0
R0026,2.34,126.0,5.39,431.2,26.2,17,1081.0,0
R0027,3.99,88.5,5.18,626.9,8.3,11,1519.9,0
R0028,1.75,78.9,5.86,221.0,10.4,6,665.1,1
R0029,3.26,110.2,5.49,452.6,10.0,13,1337.8,0
R0030,2.6,67.3,5.53,425.5,25.4,11,1108.4,0
R0031,3.71,94.4,5.77,683.1,7.2,15,1650.6,0
R0032,0.65,70.4,5.6,124.2,20.7,7,351.4,0
R0033,1.0,81.7,5.66,198.0,6.4,6,477.6,1
R0034,3.69,142.3,5.7,672.4,25.1,9,1783.0,0
R0035,2.23,152.4,5.9,406.9,26.0,6,1109.0,1
R0036,3.27,60.2,5.57,569.0,24.3,7,1372.7,0
R0037,1.37,25,6.64,202.4,16.8,14,475.5,0
R0038,3.48,90.2,6.53,532.8,1.6,8,1303.0,1
R0039,0.44,31.8,5.7,97.3,4.0,8,259.6,0
R0040,1.81,59.4,6.23,264.8,20.4,17,650.9,0
R0041,0.64,53.2,5.86,87.9,24.7,6,302.5,0
R0042,1.03,89.3,4.93,160.1,26.8,13,529.0,0
R0043,3.87,118.7,5.79,543.6,10.1,6,1524.8,0
R0044,3.35,81.4,5.79,454.3,5.6,15,1072.4,0
R0045,1.94,89.2,5.57,216.8,12.3,7,698.5,0
R0046,2.21,95.4,6.08,389.6,21.1,17,1048.9,0
R0047,2.16,44.6,6.32,375.5,19.5,16,908.2,0
R0048,2.96,83.7,5.34,533.9,3.6,10,1394.6,1
R0049,2.84,115.6,5.68,445.9,25.9,6,1178.9,0
R0050,2.58,146.4,5.39,406.7,6.6,17,1066.4,1
R0051,1.13,45.2,6.26,141.1,22.8,12,417.8,0
R0052,0.37,79.0,6.09,56.8,11.5,15,227.9,0
R0053,2.35,96.5,5.83,474.2,27.2,14,1154.9,0
R0054,2.56,159.7,5.54,382.4,4.7,8,1133.0,0
R0055,1.36,130.1,5.83,215.8,5.9,15,715.3,0
R0056,1.61,75.0,5.61,225.1,16.5,13,453.1,0
R0057,0.52,63.3,5.94,65.0,22.4,8,230.9,0
R0058,3.11,130.5,5.52,515.3,25.2,10,1315.4,1
R0059,1.44,89.2,5.75,267.8,8.8,16,796.2,0
R0060,0.77,98.9,6.17,98.9,16.0,12,247.6,0
R0061,1.79,110.9,5.29,301.0,20.9,14,836.3,0
R0062,3.36,69.9,5.36,553.4,3.4,7,1265.2,0
R0063,1.53,87.7,6.03,227.0,28.1,7,631.6,1
R0064,1.97,71.8,6.16,338.2,12.9,15,888.7,0
R0065,3.18,131.5,6.58,471.4,28.3,8,1257.9,1
R0066,3.97,143.3,5.79,737.7,8.6,6,1800.6,0
R0067,1.46,99.0,5.43,179.4,26.8,7,561.3,0
R0068,2.03,113.4,5.04,348.4,3.6,13,942.7,1
R0069,0.99,52.5,5.79,147.2,26.8,17,400.8,0
R0070,2.29,94.6,5.74,356.2,13.2,14,923.7,0
R0071,0.97,72.2,5.41,200.3,20.3,8,525.2,0
R0072,3.31,89.3,5.49,563.1,5.5,13,1416.2,0
R0073,3.09,104.5,5.68,551.8,18.7,7,1435.4,0
R0074,1.21,87.3,5.91,194.2,23.3,11,578.0,1
R0075,0.59,82.4,5.85,88.1,17.7,8,252.1,0
R0076,1.04,78.2,5.65,192.3,21.3,14,605.9,1
R0077,3.78,64.2,6.07,482.9,29.0,11,1243.9,0
R0078,2.19,105.8,6.24,369.1,12.5,13,966.9,0
R0079,2.93,78.8,5.84,472.6,5.5,9,1191.5,1
R0080,3.81,41.0,6.3,575.4,23.7,15,1361.9,0
R0081,0.63,65.5,4.87,93.5,20.2,6,220.0,0
R0082,0.9,115.1,6.35,142.7,12.5,14,407.8,0
R0083,2.61,25,4.69,463.8,3.8,13,1055.9,0
R0084,3.96,119.7,5.83,609.2,21.5,14,1530.0,1
R0085,2.48,27.1,6.06,427.1,9.0,16,926.5,0
R0086,3.0,29.6,6.47,536.9,3.2,17,1226.1,0
R0087,0.4,88.1,5.38,61.9,21.7,8,344.1,0
R0088,2.45,107.0,6.58,410.8,3.2,15,1064.9,0
R0089,0.89,115.5,5.14,196.4,11.7,14,562.4,0
R0090,0.78,64.2,6.01,134.8,1.2,13,371.5,0
R0091,3.75,82.1,5.87,644.3,19.5,16,1584.9,0
R0092,1.39,67.9,6.19,230.5,2.4,16,575.1,0
R0093,2.91,26.9,6.22,400.5,18.6,12,1096.7,0
R0094,2.12,111.1,6.87,284.7,23.5,6,846.5,0
R0095,1.56,82.4,5.89,262.4,15.9,13,724.7,0
R0096,3.76,83.3,5.89,506.2,1.8,12,1318.3,0
R0097,1.07,78.0,5.36,169.5,27.5,14,468.1,1
R0098,1.61,61.3,5.53,323.1,22.5,7,710.5,0
R0099,3.49,90.0,5.59,564.9,14.9,14,1516.9,0
R0100,3.08,91.0,5.25,430.3,17.2,14,1182.3,1
R0101,1.15,95.3,5.23,150.3,21.4,6,488.5,0
R0102,0.65,143.6,6.35,85.6,12.8,8,369.3,0
R0103,1.74,67.4,5.66,314.8,9.9,9,705.5,0
R0104,1.07,66.9,6.42,174.9,4.1,6,385.8,0
R0105,3.73,78.8,6.24,694.9,1.6,12,1714.5,0
R0106,1.17,98.3,6.23,177.3,16.8,11,590.0,0
R0107,0.94,100.4,5.49,160.0,22.0,10,516.2,0
R0108,1.35,81.8,5.5,219.6,27.4,9,650.8,0
R0109,2.78,71.3,5.51,456.3,15.2,7,1016.3,0
R0110,1.03,56.2,5.76,163.0,3.7,9,419.3,0
R0111,3.46,109.0,5.81,488.6,15.9,7,1284.8,0
R0112,3.69,25,6.23,513.2,16.5,12,1234.8,0
R0113,3.84,127.0,6.1,566.8,6.5,17,1509.4,0
R0114,1.61,55.8,6.14,287.7,8.4,14,714.7,0
R0115,1.96,157.3,6.86,344.6,3.6,13,881.5,0
R0116,2.61,96.1,6.01,420.6,6.0,16,1028.5,0
R0117,2.61,91.7,6.13,392.9,9.4,14,1004.5,1
R0118,3.01,57.1,5.95,461.3,2.0,9,1206.9,0
R0119,3.11,86.8,5.22,544.7,11.9,11,1399.5,1
R0120,1.29,120.9,6.4,232.9,8.6,15,559.7,0
R0121,3.19,63.3,6.1,451.2,21.2,13,1143.4,0
R0122,2.5,84.5,5.68,375.5,21.1,8,1023.8,0
R0123,2.75,65.7,6.48,435.8,28.0,13,1044.0,0
R0124,1.67,107.8,6.45,291.6,17.4,11,777.2,0
R0125,2.86,119.1,5.62,464.5,17.8,7,1223.6,0
R0126,1.59,49.5,5.85,229.6,27.4,15,641.4,0
R0127,0.71,77.5,5.48,114.5,26.9,10,352.1,0
R0128,3.62,97.5,6.57,552.2,27.2,7,1388.3,1
R0129,0.43,100.8,6.25,74.7,4.8,7,344.8,0
R0130,3.3,82.6,5.81,538.9,20.4,8,1341.5,0
R0131,0.72,79.2,5.26,127.6,4.1,15,351.1,0
R0132,2.68,77.4,5.51,383.3,13.1,14,928.2,1
R0133,2.04,69.0,5.36,390.9,13.6,7,878.2,1
R0134,0.43,76.8,5.96,86.2,17.7,15,281.2,0
R0135,3.42,115.2,5.33,594.7,21.0,15,1446.9,1
R0136,3.92,125.0,6.12,582.4,13.9,6,1470.7,0
R0137,0.78,108.2,5.4,111.2,18.3,17,301.5,0
R0138,2.03,42.0,6.26,265.0,24.2,6,732.7,0
R0139,2.35,106.9,5.74,383.7,11.5,17,1110.8,1
R0140,3.45,73.6,5.6,450.1,10.0,9,1147.2,0
R0141,1.4,76.3,5.63,215.1,22.1,7,578.7,0
R0142,1.19,97.3,6.4,205.1,16.2,15,549.0,0
R0143,2.48,129.5,5.92,436.5,12.5,10,1125.9,0
R0144,0.33,118.6,6.14,53.2,20.4,7,275.4,0
R0145,1.39,84.6,5.62,208.7,5.7,9,681.6,0
R0146,3.97,125.9,5.75,776.4,16.1,15,1812.9,0
R0147,1.48,78.0,5.11,261.0,15.8,14,739.6,1
R0148,2.66,55.1,5.96,351.9,25.9,11,920.9,0
R0149,2.51,36.8,6.05,430.9,12.1,10,1067.5,0
R0150,1.78,120.0,6.32,265.3,8.8,9,854.7,0
R0151,1.85,107.4,6.11,303.8,10.1,12,775.4,0
R0152,0.35,86.3,5.63,55.1,25.6,9,145.8,0
R0153,1.15,123.5,5.82,175.9,12.9,16,566.8,1
R0154,3.5,112.5,5.84,597.8,12.2,15,1540.7,1
R0155,2.9,85.8,6.2,496.6,10.4,15,1242.8,0
R0156,0.41,25,5.82,43.4,29.8,11,83.7,0
R0157,2.1,76.2,5.15,297.4,22.2,14,752.6,0
R0158,2.05,65.8,6.39,284.8,15.8,13,727.1,1
R0159,2.97,136.6,5.57,541.3,10.0,8,1392.7,0
R0160,2.85,119.4,5.42,471.2,21.4,6,1207.7,0
R0161,1.46,118.9,6.06,271.4,14.1,10,731.6,0
R0162,0.34,69.8,4.99,87.2,4.0,16,265.4,0
R0163,3.2,55.5,6.08,555.4,27.3,15,1341.4,0
R0164,0.68,102.7,5.53,97.5,26.7,8,457.6,1
R0165,2.79,88.2,5.71,388.5,24.4,10,1122.8,0
R0166,1.44,58.7,6.13,267.8,27.6,15,702.0,1
R0167,0.63,48.0,6.68,104.9,4.9,12,308.6,0
R0168,2.2,78.0,7.01,323.6,29.2,9,826.3,1
R0169,1.69,101.4,6.4,256.8,21.0,9,765.3,0
R0170,2.33,146.9,5.2,311.0,14.7,6,914.5,0
R0171,3.83,140.4,6.12,666.5,17.2,15,1711.8,1
R0172,0.69,108.3,5.22,97.9,26.1,7,354.0,1
R0173,1.92,96.2,6.62,264.5,5.8,16,749.2,0
R0174,1.88,102.9,5.73,255.9,29.8,14,791.1,1
R0175,1.73,52.1,6.11,298.1,29.5,9,722.2,0
R0176,2.76,48.7,6.09,438.3,18.0,15,1061.8,1
R0177,0.47,126.5,4.91,69.7,28.4,15,301.9,1
R0178,3.01,137.4,5.96,441.1,6.7,16,1187.6,1
R0179,3.49,55.0,6.2,489.8,11.4,9,1206.4,0
R0180,0.44,172.0,4.98,73.8,13.0,15,289.4,1
R0181,0.94,38.9,5.82,158.4,28.9,11,366.3,0
R0182,2.67,78.7,5.07,493.9,2.9,14,1254.8,1
R0183,1.53,76.6,6.66,259.3,15.3,16,708.3,1
R0184,3.33,81.3,5.36,512.8,29.7,14,1356.2,1
R0185,2.44,83.9,5.94,432.8,6.5,17,1095.4,1
R0186,1.03,92.8,6.43,143.5,24.2,14,474.8,1
R0187,3.36,100.0,5.7,585.0,4.0,11,1445.6,0
R0188,2.77,74.3,5.18,381.3,14.0,8,1013.8,0
R0189,3.25,105.7,5.7,603.4,14.1,15,1544.4,0
R0190,0.96,84.2,6.11,146.7,24.0,7,437.9,0
R0191,2.91,65.8,6.32,518.7,20.7,10,1216.4,0
R0192,0.58,128.2,5.8,120.8,12.9,6,426.3,0
R0193,1.63,114.3,6.21,226.7,13.6,17,653.3,0
R0194,0.55,103.2,5.64,107.2,29.9,13,358.8,0
R0195,3.15,65.3,5.92,413.5,17.7,9,1229.3,0
R0196,2.61,63.5,6.37,468.5,8.4,9,1155.6,0
R0197,3.06,123.4,5.38,389.8,19.8,9,1187.7,0
R0198,0.52,72.3,5.37,82.7,6.5,6,307.6,0
R0199,1.1,99.0,5.76,163.2,15.3,8,515.7,0
R0200,2.65,74.7,6.03,413.0,25.9,14,1075.0,0
R0201,1.87,112.5,6.2,277.3,6.1,11,633.9,0
R0202,1.81,82.2,6.07,304.5,28.8,14,722.8,1
R0203,3.04,79.3,6.01,432.2,1.8,12,1046.8,0
R0204,1.5,57.7,6.41,265.7,2.0,10,628.2,0
R0205,3.43,133.2,6.39,622.4,15.4,10,1539.6,0
R0206,2.67,99.6,6.15,379.9,7.1,6,1050.3,0
R0207,0.64,78.0,5.63,98.8,26.0,13,364.3,0
R0208,1.44,110.9,6.1,247.0,7.1,11,727.6,0
R0209,3.85,106.1,6.32,628.5,28.9,11,1499.7,0
R0210,0.48,57.8,4.76,40,22.6,11,133.9,1
R0211,1.82,72.5,5.83,345.2,25.6,17,806.5,1
R0212,1.5,82.4,6.2,277.8,17.8,14,683.0,0
R0213,1.65,125.2,5.93,281.0,30.0,6,803.0,1
R0214,3.74,48.4,5.87,705.3,9.4,15,1573.1,0
R0215,1.21,108.5,5.83,229.2,6.8,7,600.8,0
R0216,3.38,86.4,5.76,620.0,22.6,10,1540.9,0
R0217,1.76,139.1,6.05,274.7,19.8,15,838.6,0
R0218,2.65,120.2,5.75,464.7,1.7,16,1296.7,0
R0219,3.09,70.5,5.9,497.7,25.7,12,1256.0,1
R0220,3.93,113.0,5.92,710.4,9.9,16,1652.4,0
R0221,3.7,93.9,5.37,514.3,14.2,7,1345.0,0
R0222,0.85,69.2,5.42,140.4,22.4,17,349.6,1
R0223,2.67,44.7,6.17,448.7,4.2,9,1026.3,0
R0224,1.49,69.2,4.85,209.6,28.1,12,535.5,0
R0225,1.74,79.4,6.0,319.5,7.6,11,796.3,0
R0226,0.8,96.4,6.17,127.6,2.4,16,459.5,0
R0227,1.41,69.7,6.19,231.3,10.9,6,618.8,0
R0228,3.9,104.5,5.71,521.9,2.3,15,1462.4,0
R0229,1.48,55.3,5.63,261.3,12.2,6,668.5,0
R0230,2.58,69.2,5.2,311.6,22.6,14,860.3,0
R0231,2.1,70.1,6.21,371.4,9.3,7,936.8,0
R0232,1.82,100.8,5.5,285.4,25.3,6,806.1,1
R0233,0.52,68.9,5.16,71.5,26.8,14,364.7,0
R0234,2.1,76.3,6.02,285.4,8.5,10,876.8,0
R0235,0.55,106.3,5.75,78.9,27.8,10,302.6,0
R0236,1.75,148.5,5.0,225.0,28.0,11,690.9,0
R0237,0.96,131.1,6.22,164.6,10.5,10,521.2,0
R0238,1.64,37.8,5.88,294.5,18.7,6,734.5,0
R0239,2.39,82.0,6.35,415.4,18.5,14,971.1,0
R0240,2.75,94.0,5.4,533.5,7.8,16,1287.6,0
R0241,3.15,91.2,5.54,388.4,19.2,9,999.0,1
R0242,3.34,71.9,5.87,572.6,19.0,6,1413.7,0
R0243,1.79,116.7,5.7,287.2,15.7,9,846.0,0
R0244,2.96,76.5,5.19,461.9,28.7,10,1129.3,0
R0245,1.68,65.0,5.99,302.1,14.0,11,775.1,0
R0246,3.91,60.7,5.73,597.4,17.6,6,1388.1,1
R0247,3.56,118.6,5.7,514.6,23.5,9,1392.6,0
R0248,3.45,96.4,5.39,582.4,19.9,14,1470.5,1
R0249,0.72,117.2,5.59,109.7,8.2,7,418.8,1
R0250,2.23,118.3,5.56,382.7,12.2,12,1051.8,0
R0251,3.99,125.7,5.38,585.9,2.4,8,1554.8,0
R0252,1.33,42.0,6.3,202.4,3.4,10,464.1,1
R0253,3.14,161.5,6.04,581.1,12.8,11,1459.3,0
R0254,0.67,25,6.33,110.1,21.1,16,253.3,0
R0255,2.97,80.7,7.0,519.0,10.0,10,1286.9,0
R0256,1.47,117.5,5.83,173.3,4.4,6,549.0,0
R0257,0.35,57.0,5.63,53.1,12.6,14,197.9,0
R0258,2.64,108.7,5.62,515.2,11.5,9,1286.7,0
R0259,1.2,34.3,6.42,228.7,25.0,12,569.9,0
R0260,2.71,95.9,5.5,477.4,27.7,16,1295.4,0
R0261,2.65,85.0,5.78,446.3,4.8,16,1169.6,0
R0262,2.04,103.4,5.58,267.3,15.9,16,808.7,0
R0263,0.32,61.8,5.78,40,5.1,8,167.9,0
R0264,2.34,74.4,5.66,388.6,14.9,12,1019.6,0
R0265,3.27,137.4,5.24,562.4,23.9,17,1377.9,1
R0266,3.99,62.8,5.84,661.4,20.6,13,1717.4,0
R0267,2.72,110.2,5.82,382.9,27.1,11,1106.7,0
R0268,3.33,103.4,5.3,585.9,5.5,8,1390.3,0
R0269,3.42,102.8,6.51,507.5,13.9,9,1400.5,0
R0270,0.95,164.1,5.8,180.2,9.3,13,495.3,1
R0271,2.25,78.4,6.04,309.8,10.6,6,876.8,0
R0272,1.0,38.8,5.23,173.8,5.5,15,518.8,0
R0273,1.94,106.4,5.9,255.0,16.7,13,669.2,0
R0274,3.49,91.1,6.43,575.1,10.8,9,1390.3,1
R0275,1.32,154.5,5.83,217.6,17.7,8,741.0,1
R0276,0.47,126.4,5.22,86.7,9.0,10,313.1,0
R0277,0.95,54.6,5.88,134.0,10.5,10,325.5,0
R0278,3.0,78.9,5.22,444.1,17.8,12,1124.0,0
R0279,3.78,80.6,6.02,555.8,16.2,6,1377.0,0
R0280,3.29,72.7,6.36,453.4,12.8,6,1141.4,0
R0281,2.11,73.9,5.35,335.4,4.5,11,794.4,0
R0282,2.02,65.9,5.03,263.4,13.3,8,648.6,0
R0283,2.56,133.4,5.56,334.8,5.7,6,959.3,0
R0284,1.33,94.2,5.19,171.4,10.6,9,490.6,0
R0285,1.73,101.4,5.36,260.7,18.5,16,734.3,0
R0286,0.96,85.3,5.84,193.6,24.5,7,485.3,1
R0287,3.72,43.2,6.2,526.9,9.9,10,1228.2,1
R0288,2.14,110.8,6.67,342.2,15.3,9,903.0,0
R0289,2.43,106.8,5.81,467.3,4.1,6,1235.4,0
R0290,2.12,109.0,5.74,341.4,2.4,7,989.6,0
R0291,2.13,117.6,6.19,297.1,12.9,8,867.1,0
R0292,1.48,80.7,5.97,230.5,21.9,15,664.2,0
R0293,3.02,61.4,5.75,468.9,18.1,8,1133.4,0
R0294,3.63,108.1,6.86,503.7,12.0,6,1319.4,0
R0295,1.47,104.3,5.88,263.4,24.1,12,669.1,1
R0296,1.77,109.9,5.52,261.5,2.5,15,814.4,0
R0297,0.34,70.0,5.7,69.1,9.9,8,257.9,0
R0298,1.36,85.1,6.09,268.8,18.3,14,688.3,0
R0299,0.7,117.1,6.26,94.3,4.6,10,414.5,0
R0300,1.23,25,6.1,204.9,5.0,11,438.7,0
